,index,0
0,重启之极海听雷超话,3469
1,朱一龙超话,3319
2,电视剧叛逆者超话,2797
3,电视剧亲爱的自己超话,2731
4,给朱一龙最强应援超话,2416
5,朱一龙盗墓笔记重启超话,2342
6,朱一龙吴邪超话,2232
7,朱一龙陈一鸣超话,2083
8,每日一善超话,1846
9,朱一龙温柔的力量超话,1787
10,朱一龙亲爱的自己超话,1646
11,电视剧锦绣南歌超话,1250
12,肖战超话,1205
13,朱一龙林楠笙超话,1194
14,朱一龙齐衡超话,1194
15,朱一龙善举的力量超话,1165
16,朱一龙叛逆者超话,1161
17,王一博超话,1064
18,朱一龙井然超话,1055
19,易烊千玺超话,1032
20,李沁超话,1020
21,迪丽热巴超话,900
22,电视剧超话,818
23,周杰伦超话,799
24,剧版亲爱的自己超话,780
25,朱一龙罗浮生超话,761
26,传闻中的陈芊芊超话,752
27,赵丽颖超话,744
28,任嘉伦超话,731
29,乘风破浪的姐姐超话,707
30,养桔防老超话,700
31,朱一龙许你浮生若梦超话,673
32,朱一龙沈巍超话,670
33,关晓彤超话,665
34,电视剧暮白首超话,648
35,二十不惑超话,641
36,丁禹兮超话,629
37,罗云熙超话,600
38,陈情令超话,599
39,剧版盗墓笔记重启超话,588
40,锦衣之下超话,581
41,李现超话,579
42,清平乐超话,564
43,鹿晗超话,557
44,赵露思超话,535
45,杨幂超话,533
46,电视剧月上重火超话,525
47,电视剧怪你过分美丽超话,524
48,郑爽超话,518
49,杨紫超话,518
50,王俊凯超话,516
51,邓伦超话,504
52,杨洋超话,497
53,狼殿下超话,495
54,蔡徐坤超话,493
55,正能量偶像朱一龙超话,489
56,隐秘的角落超话,476
57,张艺兴超话,469
58,电视剧幸福触手可及超话,458
59,虞书欣超话,438
60,谭松韵超话,423
61,电视剧二十不惑超话,423
62,朱一龙知否知否应是绿肥红瘦超话,419
63,朱一龙我的真朋友超话,416
64,吴亦凡超话,412
65,李易峰超话,409
66,张新成超话,409
67,王源超话,399
68,电视剧亲爱的戎装超话,396
69,朱一龙粉丝减肥超话,380
70,幸福触手可及超话,376
71,鞠婧祎超话,375
72,华晨宇超话,365
73,吴磊超话,362
74,博君一肖超话,359
75,朱一龙并肩前行超话,358
76,黄景瑜超话,356
77,the9超话,355
78,胡歌超话,354
79,日行一善超话,352
80,能量偶像朱一龙超话,347
81,电视剧冰糖炖雪梨超话,343
82,祖国反黑站超话,339
83,你是我的命中注定超话,338
84,许你浮生若梦朱一龙超话,330
85,电视剧余生请多指教超话,321
86,创造营2020超话,320
87,陈伟霆超话,318
88,张若昀超话,314
89,秦昊超话,312
90,江疏影超话,312
91,阳光信用超话,311
92,许凯超话,298
93,万茜超话,293
94,笼包姐姐正能量学习区超话,293
95,白敬亭超话,290
96,朱一龙让我成为更好的人超话,290
97,娱乐超话,289
98,唐嫣超话,287
99,宋茜超话,285
100,王凯超话,280
101,白宇超话,277
102,电视剧蜗牛与黄鹂鸟超话,276
103,韩剧虽然是精神病但没关系超话,273
104,盗墓笔记超话,272
105,朱一龙未来可期超话,270
106,studyaccount超话,268
107,徐艺洋超话,267
108,刘亦菲超话,267
109,吴宣仪超话,267
110,亲爱的热爱的超话,260
111,杨超越超话,256
112,秦岚超话,254
113,许你浮生若梦超话,253
114,剧版镇魂超话,252
115,朱一龙幻乐之城超话,252
116,喻言超话,250
117,黄子韬超话,250
118,胡一天超话,249
119,刘诗诗超话,248
120,周冬雨超话,248
121,刘雨昕超话,248
122,刘昊然超话,247
123,朱一龙傅红雪超话,246
124,知否知否应是绿肥红瘦超话,245
125,三十而已超话,245
126,高伟光超话,245
127,电视剧鬓边不是海棠红超话,242
128,中国超话,241
129,电视剧长歌行超话,239
130,剧综宝典超话,234
131,甄嬛传超话,233
132,张杰超话,230
133,电视剧秋蝉超话,229
134,电视剧庆余年超话,223
135,名侦探柯南超话,223
136,电视剧安家超话,222
137,BLACKPINK超话,217
138,电视剧有翡超话,216
139,下一站是幸福超话,216
140,河神2超话,213
141,电视剧小娘惹超话,213
142,如懿传超话,213
143,范丞丞超话,212
144,赵小棠超话,211
145,民初奇人传超话,210
146,三千鸦杀电视剧超话,210
147,孟美岐超话,210
148,佳期如梦之海上繁花超话,209
149,张雨绮超话,209
150,许佳琪超话,206
151,angelababy超话,205
152,民国奇探超话,201
153,给朱一龙拍风景超话,201
154,电视剧韫色过浓超话,198
155,金秀贤超话,195
156,剧版三生三世枕上书超话,194
157,摩登兄弟超话,193
158,高以翔超话,193
159,请回答1988超话,191
160,李庚希超话,189
161,孔雪儿超话,189
162,徐正溪超话,189
163,电视剧局中人超话,187
164,周深超话,187
165,孙俪超话,186
166,曾可妮超话,185
167,LISA超话,181
168,熊猫守护者超话,180
169,朱一龙益路前行超话,177
170,王嘉尔超话,177
171,盗墓笔记重启超话,177
172,朱一龙夜尊超话,176
173,延禧攻略超话,175
174,陈立农超话,175
175,罗晋超话,175
176,全是妈粉超话,174
177,怪你过分美丽超话,173
178,希林娜依高超话,172
179,守护全世界最人美心善的面面超话,172
180,最好的朱一龙超话,172
181,佟丽娅超话,171
182,张予曦超话,171
183,张一山超话,171
184,天舞纪超话,170
185,尹正超话,170
186,黄明昊超话,170
187,金子涵超话,170
188,火箭少女101超话,169
189,推文超话,169
190,周迅超话,168
191,电视剧东宫超话,166
192,王子异超话,166
193,味全朱一龙超话,166
194,黄轩超话,165
195,周震南超话,165
196,宋威龙超话,165
197,李沁狼殿下超话,163
198,电视剧三生三世枕上书超话,162
199,步步惊心超话,162
200,IU超话,161
201,我才不要和你做朋友呢超话,161
202,赖冠霖超话,161
203,朱一龙公益超话,161
204,夏目友人帐超话,161
205,致我们甜甜的小美满超话,160
206,张雨剑超话,160
207,薛之谦超话,159
208,朱一龙代言产品消化联盟超话,159
209,陈卓璇超话,158
210,美食超话,157
211,电影超话,156
212,朱一龙镇魂超话,156
213,姜贞羽超话,156
214,爱的迫降超话,156
215,朱一龙拨云见日未来可期超话,156
216,庆余年超话,154
217,李宇春超话,153
218,小娘惹超话,153
219,程潇超话,152
220,少年之名超话,152
221,郭麒麟超话,151
222,潘粤明超话,149
223,谢可寅超话,149
224,TheKing永远的君主超话,149
225,青春有你2超话,148
226,硬糖少女303超话,147
227,李沁海上繁花超话,146
228,R1SE超话,146
229,吸居女孩超话,146
230,李汶翰超话,145
231,朱正廷超话,144
232,张子枫超话,143
233,摄影超话,143
234,钟汉良超话,143
235,京城最beauty超话,143
236,毛不易超话,142
237,古力娜扎超话,142
238,电影温暖的抱抱超话,141
239,朱一龙男粉聚集地超话,141
240,郑云龙超话,140
241,nineone超话,140
242,谢娜超话,139
243,靳东超话,139
244,魔道祖师超话,138
245,完美关系超话,138
246,吴倩超话,138
247,邢菲超话,138
248,互粉超话,137
249,许魏洲超话,137
250,李钟硕超话,136
251,陈钰琪超话,136
252,刘敏涛超话,136
253,TFBOYS超话,136
254,吴昕超话,135
255,江南百景图超话,134
256,欧阳娜娜超话,133
257,林俊杰超话,132
258,向往的生活超话,132
259,王者荣耀超话,131
260,想见你超话,131
261,时代少年团超话,131
262,我就是这般女子超话,131
263,彭昱畅超话,130
264,邓紫棋超话,129
265,毛晓彤超话,129
266,王牌对王牌超话,128
267,青春有你第二季超话,128
268,张云龙超话,127
269,李荣浩超话,127
270,梁洁超话,127
271,张雪迎超话,127
272,九州天空城2超话,127
273,守护李沁超话,126
274,林更新超话,125
275,电视剧三生三世十里桃花超话,125
276,超话小秘书超话,124
277,宁静超话,123
278,肖战最好的你超话,122
279,海贼王超话,122
280,白鹿超话,121
281,何炅超话,121
282,奈何boss又如何超话,120
283,金晨超话,119
284,掌中之物超话,119
285,小鬼王琳凯超话,119
286,盗墓笔记重启朱一龙超话,118
287,冰糖炖雪梨超话,118
288,刘涛超话,117
289,不说谎恋人超话,117
290,最好的我们超话,117
291,漫威超话,116
292,张含韵超话,116
293,张艺凡超话,116
294,电视剧三叉戟超话,116
295,密室大逃脱超话,115
296,电视剧皓衣行超话,115
297,战沁超话,113
298,三生三世枕上书超话,113
299,三千鸦杀超话,113
300,刘令姿超话,113
301,陈星旭超话,112
302,肺炎患者求助超话,111
303,时光与你都很甜超话,111
304,朱一龙连城璧超话,111
305,镇魂超话,110
306,斗罗大陆剧版超话,110
307,情感超话,109
308,陈乔恩超话,109
309,权志龙超话,108
310,关晓彤图兰朵超话,108
311,电视剧知否知否应是绿肥红瘦超话,107
312,张云雷超话,107
313,你好旧时光超话,107
314,黄晓明超话,106
315,赵粤超话,106
316,亲爱的戎装超话,105
317,卜冠今超话,105
318,秦霄贤超话,105
319,金瀚超话,104
320,电视剧陈情令超话,104
321,侯明昊超话,103
322,戚薇超话,103
323,赵薇超话,103
324,朱一龙水仙超话,103
325,陈瑶超话,102
326,电视剧完美关系超话,102
327,井柏然超话,102
328,李敏镐超话,102
329,搞笑超话,102
330,窦骁超话,101
331,蒋依依超话,101
332,快乐大本营超话,101
333,傅菁超话,101
334,无心法师3超话,101
335,罗志祥超话,101
336,2021考研超话,100
337,李沁她杀超话,98
338,藕饼超话,98
339,沁我cp超话,98
340,综艺超话,97
341,汪苏泷超话,97
342,郑业成超话,97
343,考研超话,97
344,EXO超话,97
345,陈晓超话,97
346,花千骨超话,97
347,灌汤包甩水联盟超话,97
348,亲爱的挚爱的超话,96
349,表情包超话,96
350,暮白首超话,96
351,谷嘉诚超话,96
352,初恋那件小事超话,96
353,刘些宁超话,96
354,电视剧狼殿下超话,95
355,韩东君超话,95
356,陈飞宇超话,95
357,张翰超话,95
358,李宏毅超话,95
359,中餐厅超话,95
360,这就是街舞超话,95
361,湖南卫视超话,94
362,电视剧嗨什刹海超话,94
363,许光汉greghan超话,93
364,魏大勋超话,93
365,李一桐超话,93
366,王子文超话,93
367,河神超话,92
368,我只喜欢你超话,92
369,王艺瑾超话,91
370,电视剧南歌超话,91
371,NINEPERCENT超话,91
372,康定情歌cp超话,90
373,时间倒数遇见你超话,89
374,明星大侦探超话,89
375,林一超话,89
376,马思纯超话,88
377,战山为王超话,88
378,大明风华超话,88
379,陈数超话,87
380,罗云熙月上重火超话,87
381,汤唯超话,86
382,电视剧斛珠夫人超话,86
383,朱一龙公子景超话,86
384,关晓彤二十不惑超话,86
385,李沁庆余年超话,85
386,网剧不说谎恋人超话,85
387,尤长靖超话,85
388,教师资格证超话,85
389,荣梓杉超话,85
390,陈奕迅超话,84
391,李健超话,84
392,任豪POI超话,83
393,郑乃馨超话,83
394,日常超话,83
395,李佳琦超话,83
396,朱一龙代言可口可乐超话,83
397,池昌旭超话,83
398,马天宇超话,82
399,林彦俊超话,81
400,无心法师超话,81
401,朱一龙十年之约超话,81
402,jackeylove超话,81
403,吴世勋超话,80
404,倪妮超话,80
405,天天向上超话,80
406,227历史时刻超话,79
407,乔欣超话,79
408,明星势力榜超话,79
409,张萌超话,79
410,JENNIE超话,79
411,赵今麦超话,79
412,爱我就别想太多超话,78
413,陆柯燃超话,78
414,赢仔菜园超话,78
415,朱一龙庞嘉超话,78
416,热剧享不停超话,78
417,张国荣超话,77
418,乘风破浪的姐姐们超话,77
419,THENINE女团超话,77
420,京城cp超话,77
421,陈坤超话,77
422,大宋少年志超话,76
423,月上重火超话,76
424,朱一龙代言联想手机超话,76
425,99分女朋友超话,76
426,电视剧天醒之路超话,76
427,琅琊榜超话,76
428,极限挑战超话,76
429,范冰冰超话,75
430,宋祖儿超话,75
431,蓝盈莹超话,75
432,UNINE超话,75
433,左叶超话,75
434,奔跑吧超话,74
435,冰雨火超话,74
436,焉栩嘉超话,74
437,可商用ps素材超话,74
438,怀柔cp超话,73
439,徐梦洁超话,72
440,林允超话,72
441,汉服超话,71
442,集合啦动物森友会超话,71
443,雷佳音超话,71
444,李沁时尚笔记超话,70
445,电视剧琉璃美人煞超话,70
446,微微一笑很倾城超话,70
447,哈利波特超话,70
448,玄彬超话,70
449,美男子嘟嘟超话,70
450,朱一龙12星座悄悄话超话,70
451,张天爱超话,70
452,梦回大清超话,70
453,韫色过浓超话,69
454,韩剧超话,69
455,张颜齐超话,69
456,赵磊超话,69
457,刘宇宁超话,69
458,朱一龙工作室超话,69
459,HenryLau刘宪华超话,69
460,李沁温暖的抱抱超话,68
461,熊梓淇超话,68
462,帝后赵丹全收超话,68
463,撒野超话,68
464,段奥娟超话,67
465,紫宁winnie超话,67
466,武林外传超话,67
467,彭冠英超话,67
468,长安十二时辰超话,67
469,英语超话,67
470,伊能静超话,67
471,金鹰女神投票超话,67
472,青春斗超话,67
473,梨泰院Class超话,67
474,VLOG超话,66
475,朱一龙优酷星球超话,66
476,电视剧清平乐超话,66
477,黄圣依超话,66
478,陈哲远超话,65
479,鬓边不是海棠红超话,65
480,安崎超话,65
481,官鸿超话,65
482,辛云来超话,65
483,朴灿烈超话,65
484,孙艺珍超话,65
485,魔道祖师动画超话,65
486,欢乐颂超话,65
487,爱情公寓超话,65
488,声入人心超话,64
489,李沁南歌超话,64
490,彭小苒超话,64
491,一起练字超话,64
492,电视剧两世欢超话,64
493,郭碧婷超话,64
494,靳东如果岁月可回头超话,64
495,明道超话,63
496,邢昭林超话,63
497,五月天超话,63
498,田馥甄超话,62
499,彭于晏超话,62
500,公务员超话,62
501,魏晨超话,62
502,德云社超话,62
503,王鸥超话,62
504,电视剧盗墓笔记重启超话,62
505,中小学教师资格证超话,62
506,正能量超话,62
507,霍建华超话,61
508,李沁战斗粉超话,61
509,何洛洛超话,61
510,吴谨言超话,61
511,壁纸超话,61
512,kimjisoo超话,61
513,云次方超话,61
514,青春有你超话,61
515,宋轶超话,61
516,电视剧彼岸花超话,61
517,关晓彤正能量超话,61
518,黄渤超话,60
519,七夕让全世界知道朱一龙的好超话,60
520,沈梦辰超话,60
521,贾乃亮超话,60
522,朱亚文超话,60
523,妻子的浪漫旅行超话,60
524,晨艺超话,60
525,回忆经典超话,60
526,孟鹤堂超话,60
527,九州缥缈录超话,60
528,郭京飞超话,59
529,孔刘超话,59
530,郭晓婷超话,59
531,赖美云超话,59
532,安家超话,59
533,宣璐超话,59
534,iG电子竞技俱乐部超话,59
535,手帐超话,59
536,演员朱一龙超话,59
537,花无谢超话,59
538,电影图兰朵超话,59
539,TaylorSwift超话,58
540,张佳宁超话,58
541,有一种风格叫李沁超话,58
542,世界杯超话,58
543,庄达菲超话,58
544,张哲瀚超话,58
545,忘羡超话,58
546,蔡依林超话,58
547,阿云嘎超话,58
548,关晓彤的女人超话,58
549,肖燕超话,57
550,周笔畅超话,57
551,朱一龙演技超话,57
552,金世佳超话,57
553,明月照我心超话,57
554,电视剧猎狐超话,57
555,王丽坤超话,57
556,朱一龙并肩同行超话,57
557,徐海乔超话,57
558,闪耀暖暖超话,57
559,王安宇超话,56
560,森林驿站超话,56
561,泰剧只因我们天生一对超话,56
562,魔道祖师广播剧超话,56
563,减肥超话,55
564,蒋欣超话,55
565,周洁琼超话,55
566,王紫璇超话,55
567,Uzi超话,55
568,精英律师超话,55
569,唐艺昕超话,55
570,时尚超话,55
571,马嘉祺超话,55
572,剧版青簪行超话,55
573,朱一龙何开心超话,55
574,陈赫超话,55
575,香蜜沉沉烬如霜超话,55
576,英雄联盟超话,55
577,空镜超话,54
578,戚迹超话,54
579,张韶涵超话,54
580,穿搭超话,54
581,手绘超话,54
582,景甜超话,54
583,电视剧天涯客超话,54
584,吴青峰超话,54
585,边伯贤超话,54
586,朱一龙代言新倩女幽魂超话,54
587,朱一龙冯豆子超话,54
588,综艺大咖秀超话,54
589,互粉大厅超话,54
590,德国球迷俱乐部超话,54
591,我们不能是朋友超话,53
592,于朦胧超话,53
593,郭俊辰超话,53
594,成果超话,53
595,杨迪超话,53
596,牛骏峰超话,53
597,沈月超话,52
598,签到领红包超话,52
599,188男团超话,52
600,薇娅超话,52
601,读书超话,52
602,炎亚纶超话,52
603,本特利超话,52
604,岳云鹏超话,52
605,王鹤棣超话,52
606,早餐超话,52
607,苏有朋超话,52
608,朴宝剑超话,52
609,电视剧全世界最好的你超话,52
610,电视剧青簪行超话,51
611,关晓彤粉丝超话,51
612,明星权利榜超话,51
613,拯救剧荒超话,51
614,郑秀晶超话,51
615,丁程鑫超话,51
616,电视剧,51
617,宋伊人超话,50
618,电视剧鹤唳华亭超话,50
619,黄俊捷超话,50
620,许嵩超话,50
621,脆皮鸭学院超话,50
622,应采儿超话,50
623,阚清子超话,50
624,李明峻超话,50
625,张馨予超话,50
626,李梦琦超话,50
627,吉扬柳超话,50
628,朋友请听好超话,50
629,李斯丹妮超话,50
630,太子妃升职记超话,50
631,超级剧集大唐女法医超话,50
632,高圆圆超话,49
633,郑恺超话,49
634,郁可唯超话,49
635,朱一龙2019相伴相守超话,49
636,新世界超话,49
637,遇见王沥川超话,49
638,Procreate超话,49
639,杀破狼priest超话,49
640,抑郁症超话,49
641,朱一龙花无谢超话,49
642,双黑超话,49
643,孟佳超话,49
644,毛晓彤霍去病超话,49
645,饭圈美工设计超话,49
646,暖暖请多指教超话,49
647,翟潇闻超话,49
648,有翡超话,49
649,李沁表情包超话,48
650,电视剧漂亮书生超话,48
651,李佳航超话,48
652,李艺彤超话,48
653,天官赐福超话,48
654,朱一,48
655,太中超话,48
656,连琑反应超话,48
657,宋仲基超话,48
658,阴阳师手游超话,48
659,丁当超话,48
660,王力宏超话,47
661,张歆艺超话,47
662,刘怡潼超话,47
663,rng超话,47
664,电视剧我的真朋友超话,47
665,电视剧绅探超话,47
666,大麟子超话,47
667,咘咘超话,47
668,虽然是精神病但是没关系超话,47
669,孙珍妮超话,47
670,李沁杜晓苏超话,46
671,健身超话,46
672,大虞海棠超话,46
673,秦时明月超话,46
674,张起灵超话,46
675,VSCO超话,46
676,从前有座灵剑山超话,46
677,海上繁花超话,46
678,朱一龙生日应援曲超话,46
679,吴欣怡neinei超话,46
680,六级超话,46
681,保险杠急救中心超话,46
682,沈腾超话,46
683,孙芮超话,46
684,护肤超话,46
685,剑网3超话,46
686,邓超超话,46
687,巍澜超话,45
688,214流浪观众计划超话,45
689,张慧雯超话,45
690,罗小黑战记超话,45
691,爱情公寓5超话,45
692,陈芷琰超话,45
693,黄多多超话,45
694,关芯超话,45
695,小泡芙超话,45
696,张籽沐超话,45
697,刘楚恬超话,45
698,高洋超话,45
699,电视剧燕云台超话,45
700,机智的医生生活超话,45
701,喵星人超话,45
702,姚琛超话,45
703,谁说我结不了婚超话,45
704,巍面超话,45
705,沁伦cp超话,44
706,沁洋初心超话,44
707,电视,44
708,酋长的男人超话,44
709,CPA打卡超话,44
710,半夜笑出猪叫声超话,44
711,皓衣行超话,44
712,鲸鱼与洲喵超话,44
713,梁靖康超话,44
714,东宫超话,44
715,左耳水彩超话,44
716,没有秘密的你超话,44
717,旅行超话,44
718,张檬超话,44
719,曹茜茜超话,44
720,上古密约超话,44
721,夏至未至超话,44
722,明日之子超话,43
723,伍嘉成超话,43
724,2020考研超话,43
725,创造营超话,43
726,鬼吹灯之龙岭迷窟超话,43
727,寻艺超话,43
728,棉花娃娃手作超话,43
729,蔡卓宜超话,43
730,元气满满的哥哥超话,43
731,插画超话,43
732,火箭少女超话,43
733,简笔画超话,42
734,袁冰妍超话,42
735,青春环游记超话,42
736,SuperJunior超话,42
737,致我们单纯的小美好超话,42
738,二哈和他的白猫师尊超话,42
739,美剧超话,42
740,张轩睿超话,42
741,假日暖洋洋超话,42
742,金莎超话,42
743,photoshop超话,42
744,棉花美娃娃超话,42
745,厉嘉琪超话,42
746,徐璐超话,42
747,喜翻译制组超话,42
748,李希侃超话,42
749,刘奕畅超话,42
750,不能忘却的经典剧集超话,42
751,程心程意超话,42
752,史芮伊超话,42
753,林允儿超话,41
754,夏之光超话,41
755,四六级超话,41
756,姚晨超话,41
757,studywithme超话,41
758,天盛长歌超话,41
759,电影月半爱丽丝超话,41
760,袁姗姗超话,41
761,马伊琍超话,41
762,沉默的真相超话,41
763,猫超话,41
764,许光汉超话,41
765,宋智孝超话,41
766,我是余欢水超话,41
767,青簪行超话,41
768,李沁亲爱的戎装超话,40
769,OOTD超话,40
770,威廉超话,40
771,奇妙小森林超话,40
772,大唐女法医超话,40
773,赵又廷超话,40
774,默读超话,40
775,原耽超话,40
776,德约科维奇超话,40
777,魔卡少女樱超话,40
778,严浩翔超话,40
779,李兰迪超话,40
780,防弹少年团超话,40
781,凯源超话,40
782,秦海璐超话,40
783,谢霆锋超话,40
784,宣美超话,40
785,张耀超话,40
786,电视剧什刹海超话,40
787,罗渽民超话,40
788,侵占夫妇超话,39
789,角色单人cut超话,39
790,肖战秘密花园超话,39
791,肖战壁纸超话,39
792,欧豪超话,39
793,刘梦超话,39
794,如果岁月可回头超话,39
795,鬼灭之刃超话,39
796,江疏影红唇视频日记超话,39
797,重启剧版瓶邪超话,39
798,毕雯珺超话,39
799,jk日常超话,39
800,创造营2019超话,39
801,王冠cp超话,39
802,肖战余生请多指教超话,39
803,芈月传超话,39
804,刘耀文超话,39
805,电视剧如懿传超话,39
806,Priest超话,39
807,惹不起的殿下大人超话,39
808,石原里美超话,38
809,古代空镜超话,38
810,许飞超话,38
811,电视剧人生若如初见超话,38
812,张杰谢娜超话,38
813,电视剧推荐超话,38
814,陈学冬超话,38
815,晚安超话,38
816,一夜新娘超话,38
817,一心一意易烊千玺超话,38
818,飞云系超话,38
819,少年游之一寸相思超话,38
820,ps教程超话,38
821,谢谢你医生超话,38
822,大主宰超话,38
823,便利店新星超话,38
824,宋亚轩超话,38
825,原耽推文超话,38
826,犬夜叉超话,38
827,穿衣搭配超话,38
828,设计美学超话,38
829,电视剧成化十四年超话,38
830,王菲超话,37
831,董又霖超话,37
832,ROSÉ超话,37
833,张译超话,37
834,我在未来等你超话,37
835,李沁机场超话,37
836,秦岚超,37
837,电视剧慕白首超话,37
838,同学两亿岁超话,37
839,王耀庆超话,37
840,电视剧大赏超话,37
841,韩雪超话,37
842,张书弘超话,37
843,电视剧香蜜沉沉烬如霜超话,37
844,电视剧号手就位超话,37
845,井然超话,37
846,一日一食一记超话,37
847,梁博超话,37
848,张钧甯超话,37
849,赵品霖超话,37
850,杨芸晴超话,37
851,巍澜衍生超话,36
852,楚乔传超话,36
853,李圣经超话,36
854,疾星超话,36
855,禹曦夫妇超话,36
856,X玖少年团超话,36
857,李沁沁影集中所超话,36
858,言情小说超话,36
859,晋嫣超话,36
860,犬来八荒超话,36
861,欧莱雅朱一龙超话,36
862,电视剧全职高手超话,36
863,黄霄云超话,36
864,刘端端超话,36
865,杨玏超话,36
866,by2超话,36
867,鹿彤cp超话,36
868,李君超话,36
869,剪刀手吐槽超话,36
870,转发抽奖超话,36
871,肖战公益一路有你超话,36
872,网剧致我们暖暖的小时光超话,36
873,张铭恩超话,36
874,太阳的后裔超话,36
875,长安少年行超话,36
876,第二次也很美超话,36
877,一人之下超话,36
878,山寨小萌主超话,36
879,朱一龙夏梦狂诗曲超话,36
880,一笑沁城超话,35
881,林心如超话,35
882,陆雪琪超话,35
883,檀健次超话,35
884,祝绪丹超话,35
885,花好月又圆超话,35
886,江疏影三十而已超话,35
887,暴雨雷鸣超话,35
888,手机摄影超话,35
889,锤基超话,35
890,演员刘畅超话,35
891,朱一龙直播超话,35
892,水彩超话,35
893,关晓彤无限可能超话,35
894,邓伦海棠经雨胭脂透超话,35
895,李紫婷超话,35
896,电视剧三千鸦杀超话,35
897,羽生结弦超话,35
898,拜托了冰箱超话,35
899,戴燕妮超话,35
900,李现蜜汁炖鱿鱼超话,35
901,电视剧长安少年行超话,35
902,朱一龙代言膳魔师超话,35
903,亚洲新歌榜超话,34
904,乔振宇超话,34
905,张雅钦超话,34
906,gai超话,34
907,黄宗泽超话,34
908,晏紫东超话,34
909,我的莫格利男孩超话,34
910,李栋旭超话,34
911,崩坏3超话,34
912,吴佳怡超话,34
913,李准基超话,34
914,mewgulf超话,34
915,涩女郎超话,34
916,不婚女王超话,34
917,恋与制作人超话,34
918,蔡少芬超话,34
919,关晓彤工作室超话,34
920,袁咏琳超话,34
921,秦牛正威超话,34
922,霍尊超话,34
923,一起同过窗超话,34
924,KobeBryant超话,34
925,宋妍霏超话,34
926,Irene超话,34
927,章子怡超话,34
928,恶作剧之吻超话,34
929,RM超话,34
930,朴叙俊超话,34
931,海棠经雨胭脂透超话,34
932,孙红雷超话,33
933,陈宥维超话,33
934,美妆超话,33
935,俞灏明超话,33
936,阿婆主养成计划超话,33
937,徐开骋超话,33
938,施柏宇超话,33
939,吴邪超话,33
940,全世界最好的你超话,33
941,搞笑一家人超话,33
942,赵弈钦超话,33
943,电视剧不婚女王超话,33
944,Picsart教程超话,33
945,王智超话,33
946,全世界最好的白宇超话,33
947,月半爱丽丝超话,33
948,姚慧超话,33
949,动物餐厅超话,33
950,陈靖可超话,33
951,黄振宸超话,33
952,长沙找工作超话,32
953,国史古风超话,32
954,新兰超话,32
955,金裕贞超话,32
956,周雨彤超话,32
957,蔡徐坤游泳池超话,32
958,VSCO调色教程超话,32
959,张碧晨超话,32
960,idoltube超话,32
961,偷星九月天超话,32
962,罗赫超话,32
963,陈都灵超话,32
964,林凡超话,32
965,关晓彤戛纳超话,32
966,双丽超话,32
967,娜娜大仙女超话,32
968,金泫雅超话,32
969,蔡程昱超话,32
970,许凯从前有座灵剑山超话,32
971,TroyeSivan超话,32
972,家有儿女超话,32
973,孙燕姿超话,32
974,宋茜下一站是幸福超话,32
975,电视剧爱情的开关超话,32
976,不可辜负的美食超话,32
977,萧敬腾超话,32
978,赵志伟超话,32
979,茶余淡饭超话,32
980,婚姻超话,31
981,董岩磊超话,31
982,亲爱的自己超话,31
983,沙雕姐妹每日漫谈超话,31
984,王劲松超话,31
985,方逸伦超话,31
986,恐怖电影超话,31
987,复仇者联盟超话,31
988,胜算超话,31
989,王晰超话,31
990,裴秀智超话,31
991,电视剧将夜超话,31
992,余薇薇超话,31
993,司马老贼超话,31
994,费启鸣孙千超话,31
995,可爱的墨兜超话,31
996,王黎雯超话,31
997,榜姐每日话题超话,31
998,动漫超话,31
999,凤归四时歌超话,31
